Annee;Mois;Categorie;Montant
2022;janv;Dotations aux Amrt & Prov;0.0
2022;janv;Frais de personnel;42648024.0
2022;janv;Frais divers de gestion;328950.0
2022;janv;Impôts et taxes;1189408.0
2022;janv;Transports et déplacements;0.0
2022;janv;Travaux, fournitures et services extérieurs;2559065.0
2022;fev;Dotations aux Amrt & Prov;150000.0
2022;fev;Frais de personnel;44610852.0
2022;fev;Frais divers de gestion;42034597.0
2022;fev;Impôts et taxes;9906396.0
2022;fev;Transports et déplacements;283340.0
2022;fev;Travaux, fournitures et services extérieurs;114179375.0
2022;mar;Dotations aux Amrt & Prov;95000.0
2022;mar;Frais de personnel;42783554.0
2022;mar;Frais divers de gestion;8491287.0
2022;mar;Impôts et taxes;13021737.0
2022;mar;Transports et déplacements;65900.0
2022;mar;Travaux, fournitures et services extérieurs;24180928.0
2022;avr;Dotations aux Amrt & Prov;0.0
2022;avr;Frais de personnel;49138681.0
2022;avr;Frais divers de gestion;15567955.0
2022;avr;Impôts et taxes;4384497.0
2022;avr;Transports et déplacements;0.0
2022;avr;Travaux, fournitures et services extérieurs;49773896.0
2022;mai;Dotations aux Amrt & Prov;252171.0
2022;mai;Frais de personnel;43343616.0
2022;mai;Frais divers de gestion;46138328.0
2022;mai;Impôts et taxes;2506184.0
2022;mai;Transports et déplacements;0.0
2022;mai;Travaux, fournitures et services extérieurs;36356060.0
2022;juin;Dotations aux Amrt & Prov;846666.0
2022;juin;Frais de personnel;59648097.0
2022;juin;Frais divers de gestion;38719603.0
2022;juin;Impôts et taxes;12468105.0
2022;juin;Transports et déplacements;303900.0
2022;juin;Travaux, fournitures et services extérieurs;62391809.0
2022;juill;Dotations aux Amrt & Prov;3282829.0
2022;juill;Frais de personnel;15492371.0
2022;juill;Frais divers de gestion;36508414.0
2022;juill;Impôts et taxes;14335032.0
2022;juill;Transports et déplacements;550400.0
2022;juill;Travaux, fournitures et services extérieurs;54013705.0
2022;aout;Dotations aux Amrt & Prov;35000.0
2022;aout;Frais de personnel;35712034.0
2022;aout;Frais divers de gestion;16899138.0
2022;aout;Impôts et taxes;12325234.0
2022;aout;Transports et déplacements;2285380.0
2022;aout;Travaux, fournitures et services extérieurs;103438499.0
2022;sep;Dotations aux Amrt & Prov;0.0
2022;sep;Frais de personnel;39085610.0
2022;sep;Frais divers de gestion;23430095.0
2022;sep;Impôts et taxes;3870125.0
2022;sep;Transports et déplacements;1287600.0
2022;sep;Travaux, fournitures et services extérieurs;10031253.0
2022;oct;Dotations aux Amrt & Prov;925871203.0
2022;oct;Frais de personnel;49968007.0
2022;oct;Frais divers de gestion;33348197.0
2022;oct;Impôts et taxes;17562907.0
2022;oct;Transports et déplacements;442800.0
2022;oct;Travaux, fournitures et services extérieurs;77875099.0
2022;nov;Dotations aux Amrt & Prov;125100730.0
2022;nov;Frais de personnel;43125552.0
2022;nov;Frais divers de gestion;150013878.0
2022;nov;Impôts et taxes;5883106.0
2022;nov;Transports et déplacements;50000.0
2022;nov;Travaux, fournitures et services extérieurs;61772946.0
2022;dec;Dotations aux Amrt & Prov;83081174.0
2022;dec;Frais de personnel;196536626.0
2022;dec;Frais divers de gestion;59392209.0
2022;dec;Impôts et taxes;118894306.0
2022;dec;Transports et déplacements;0.0
2022;dec;Travaux, fournitures et services extérieurs;63939758.0
2023;janv;Dotations aux Amrt & Prov;1057052.0
2023;janv;Frais de personnel;46222211.0
2023;janv;Frais divers de gestion;37560029.0
2023;janv;Impôts et taxes;13629171.0
2023;janv;Transports et déplacements;4816800.0
2023;janv;Travaux, fournitures et services extérieurs;4648024.0
2023;fev;Dotations aux Amrt & Prov;593289.0
2023;fev;Frais de personnel;52067922.0
2023;fev;Frais divers de gestion;56834432.0
2023;fev;Impôts et taxes;7893377.0
2023;fev;Transports et déplacements;1915469.0
2023;fev;Travaux, fournitures et services extérieurs;142348123.0
2023;mar;Dotations aux Amrt & Prov;6611267.0
2023;mar;Frais de personnel;40022178.0
2023;mar;Frais divers de gestion;56303023.0
2023;mar;Impôts et taxes;-1984603.0
2023;mar;Transports et déplacements;1031206.0
2023;mar;Travaux, fournitures et services extérieurs;26787203.0
2023;avr;Dotations aux Amrt & Prov;8224087.0
2023;avr;Frais de personnel;54923824.0
2023;avr;Frais divers de gestion;18248256.0
2023;avr;Impôts et taxes;-48568.0
2023;avr;Transports et déplacements;1080700.0
2023;avr;Travaux, fournitures et services extérieurs;95946004.0
2023;mai;Dotations aux Amrt & Prov;557589715.0
2023;mai;Frais de personnel;111480914.0
2023;mai;Frais divers de gestion;60382946.0
2023;mai;Impôts et taxes;5436127.0
2023;mai;Transports et déplacements;1604302.0
2023;mai;Travaux, fournitures et services extérieurs;27033461.0
2023;juin;Dotations aux Amrt & Prov;61090558.0
2023;juin;Frais de personnel;-34931888.0
2023;juin;Frais divers de gestion;16805182.0
2023;juin;Impôts et taxes;5483043.0
2023;juin;Transports et déplacements;457792.0
2023;juin;Travaux, fournitures et services extérieurs;18538278.0
2023;juill;Dotations aux Amrt & Prov;10039525.0
2023;juill;Frais de personnel;76912652.0
2023;juill;Frais divers de gestion;16024947.0
2023;juill;Impôts et taxes;19083957.0
2023;juill;Transports et déplacements;2226400.0
2023;juill;Travaux, fournitures et services extérieurs;103537258.0
2023;aout;Dotations aux Amrt & Prov;305009563.0
2023;aout;Frais de personnel;46955778.0
2023;aout;Frais divers de gestion;7769184.0
2023;aout;Impôts et taxes;4645600.0
2023;aout;Transports et déplacements;2057800.0
2023;aout;Travaux, fournitures et services extérieurs;19904429.0
2023;sep;Dotations aux Amrt & Prov;43464071.0
2023;sep;Frais de personnel;44016035.0
2023;sep;Frais divers de gestion;7729671.0
2023;sep;Impôts et taxes;3275469.0
2023;sep;Transports et déplacements;477875.0
2023;sep;Travaux, fournitures et services extérieurs;40411496.0
2023;oct;Dotations aux Amrt & Prov;53977929.0
2023;oct;Frais de personnel;44256002.0
2023;oct;Frais divers de gestion;45191707.0
2023;oct;Impôts et taxes;28542783.0
2023;oct;Transports et déplacements;771000.0
2023;oct;Travaux, fournitures et services extérieurs;44315636.0
2023;nov;Dotations aux Amrt & Prov;62679383.0
2023;nov;Frais de personnel;46926705.0
2023;nov;Frais divers de gestion;29623647.0
2023;nov;Impôts et taxes;4474548.0
2023;nov;Transports et déplacements;70000.0
2023;nov;Travaux, fournitures et services extérieurs;150489530.0
2023;dec;Dotations aux Amrt & Prov;91130953.0
2023;dec;Frais de personnel;177077855.0
2023;dec;Frais divers de gestion;60775640.0
2023;dec;Impôts et taxes;147484616.0
2023;dec;Transports et déplacements;197441.0
2023;dec;Travaux, fournitures et services extérieurs;-28216876.0
2024;janv;Dotations aux Amrt & Prov;1946679.0
2024;janv;Frais de personnel;48094985.0
2024;janv;Frais divers de gestion;45896432.0
2024;janv;Impôts et taxes;4620925.0
2024;janv;Transports et déplacements;2019300.0
2024;janv;Travaux, fournitures et services extérieurs;143053350.0
2024;fev;Dotations aux Amrt & Prov;2966593.0
2024;fev;Frais de personnel;50617859.0
2024;fev;Frais divers de gestion;74439213.0
2024;fev;Impôts et taxes;3092372.0
2024;fev;Transports et déplacements;3635400.0
2024;fev;Travaux, fournitures et services extérieurs;36757249.0
2024;mar;Dotations aux Amrt & Prov;13705446.0
2024;mar;Frais de personnel;45916429.0
2024;mar;Frais divers de gestion;27178609.0
2024;mar;Impôts et taxes;6166562.0
2024;mar;Transports et déplacements;0.0
2024;mar;Travaux, fournitures et services extérieurs;111792810.0
2024;avr;Dotations aux Amrt & Prov;4371936.0
2024;avr;Frais de personnel;131793447.0
2024;avr;Frais divers de gestion;12558848.0
2024;avr;Impôts et taxes;4787272.0
2024;avr;Transports et déplacements;30451.0
2024;avr;Travaux, fournitures et services extérieurs;59084376.0
2024;mai;Dotations aux Amrt & Prov;4835961.0
2024;mai;Frais de personnel;43487168.0
2024;mai;Frais divers de gestion;15060819.0
2024;mai;Impôts et taxes;3803515.0
2024;mai;Transports et déplacements;1771100.0
2024;mai;Travaux, fournitures et services extérieurs;33012938.0
2024;juin;Dotations aux Amrt & Prov;952996511.0
2024;juin;Frais de personnel;59764618.0
2024;juin;Frais divers de gestion;92931481.0
2024;juin;Impôts et taxes;5275932.0
2024;juin;Transports et déplacements;1303600.0
2024;juin;Travaux, fournitures et services extérieurs;37135068.0
2024;juill;Dotations aux Amrt & Prov;11433716.0
2024;juill;Frais de personnel;73830192.0
2024;juill;Frais divers de gestion;8286286.0
2024;juill;Impôts et taxes;4780841.0
2024;juill;Transports et déplacements;559600.0
2024;juill;Travaux, fournitures et services extérieurs;33627424.0
2024;aout;Dotations aux Amrt & Prov;40537133.0
2024;aout;Frais de personnel;49848846.0
2024;aout;Frais divers de gestion;17304435.0
2024;aout;Impôts et taxes;4396007.0
2024;aout;Transports et déplacements;909600.0
2024;aout;Travaux, fournitures et services extérieurs;99670303.0
2024;sep;Dotations aux Amrt & Prov;217646466.0
2024;sep;Frais de personnel;-69666942.0
2024;sep;Frais divers de gestion;78936196.0
2024;sep;Impôts et taxes;4389630.0
2024;sep;Transports et déplacements;595554.0
2024;sep;Travaux, fournitures et services extérieurs;-1068172.0
2024;oct;Dotations aux Amrt & Prov;-18656366.0
2024;oct;Frais de personnel;48010917.0
2024;oct;Frais divers de gestion;12284434.0
2024;oct;Impôts et taxes;4810003.0
2024;oct;Transports et déplacements;1585300.0
2024;oct;Travaux, fournitures et services extérieurs;18482059.0
2024;nov;Dotations aux Amrt & Prov;8906130.0
2024;nov;Frais de personnel;50940788.0
2024;nov;Frais divers de gestion;24220999.0
2024;nov;Impôts et taxes;5074311.0
2024;nov;Transports et déplacements;520700.0
2024;nov;Travaux, fournitures et services extérieurs;48081479.0
2024;dec;Dotations aux Amrt & Prov;268860890.0
2024;dec;Frais de personnel;187120160.0
2024;dec;Frais divers de gestion;58008777.0
2024;dec;Impôts et taxes;211293316.0
2024;dec;Transports et déplacements;701705.0
2024;dec;Travaux, fournitures et services extérieurs;112011091.0
2025;janv;Dotations aux Amrt & Prov;93629.27134333456
2025;fev;Dotations aux Amrt & Prov;115640.69766225829
2025;mar;Dotations aux Amrt & Prov;636253.317976633
2025;avr;Dotations aux Amrt & Prov;392630.5169517121
2025;mai;Dotations aux Amrt & Prov;17539225.98782857
2025;juin;Dotations aux Amrt & Prov;31636490.108408183
2025;juill;Dotations aux Amrt & Prov;771671.2300217912
2025;aout;Dotations aux Amrt & Prov;10772123.863979086
2025;sep;Dotations aux Amrt & Prov;8139074.144581124
2025;oct;Dotations aux Amrt & Prov;29961330.858543694
2025;nov;Dotations aux Amrt & Prov;6130905.069511232
2025;dec;Dotations aux Amrt & Prov;13811024.933192383
2025;janv;Frais de personnel;48443463.51837492
2025;fev;Frais de personnel;52097598.6977932
2025;mar;Frais de personnel;45527961.8461525
2025;avr;Frais de personnel;83420296.08906251
2025;mai;Frais de personnel;70141204.51403637
2025;juin;Frais de personnel;29880168.562330227
2025;juill;Frais de personnel;58796018.23967947
2025;aout;Frais de personnel;46870043.99657056
2025;sep;Frais de personnel;4751743.140782032
2025;oct;Frais de personnel;50307314.86956876
2025;nov;Frais de personnel;49868071.84920444
2025;dec;Frais de personnel;198327196.676445
2025;janv;Frais divers de gestion;29500761.123914495
2025;fev;Frais divers de gestion;61021662.20856236
2025;mar;Frais divers de gestion;32383574.668961603
2025;avr;Frais divers de gestion;16328612.83769845
2025;mai;Frais divers de gestion;42808935.824621744
2025;juin;Frais divers de gestion;52271305.80781312
2025;juill;Frais divers de gestion;21414538.120339386
2025;aout;Frais divers de gestion;14778566.61667638
2025;sep;Frais divers de gestion;38764680.353117414
2025;oct;Frais divers de gestion;31979160.42418972
2025;nov;Frais divers de gestion;71778386.56896712
2025;dec;Frais divers de gestion;62735815.44513821
2025;janv;Impôts et taxes;5268646.311583224
2025;fev;Impôts et taxes;5662352.42912123
2025;mar;Impôts et taxes;4662680.152538822
2025;avr;Impôts et taxes;2472641.241179938
2025;mai;Impôts et taxes;3183445.5668929787
2025;juin;Impôts et taxes;6295184.762473798
2025;juill;Impôts et taxes;10353216.493209196
2025;aout;Impôts et taxes;5791008.249224629
2025;sep;Impôts et taxes;3126366.5668057306
2025;oct;Impôts et taxes;13799569.069568532
2025;nov;Impôts et taxes;4182491.7692206237
2025;dec;Impôts et taxes;129462463.38818128
2025;janv;Transports et déplacements;5183457.337261432
2025;fev;Transports et déplacements;4423775.756376688
2025;mar;Transports et déplacements;831878.1389174442
2025;avr;Transports et déplacements;842527.7283473585
2025;mai;Transports et déplacements;2559390.919253216
2025;juin;Transports et déplacements;1566002.9799135963
2025;juill;Transports et déplacements;2529817.7411154076
2025;aout;Transports et déplacements;3982908.5344012086
2025;sep;Transports et déplacements;1790244.8901474555
2025;oct;Transports et déplacements;2122411.2334121023
2025;nov;Transports et déplacements;485809.3234422257
2025;dec;Transports et déplacements;681775.4174118674
2025;janv;Travaux, fournitures et services extérieurs;45905721.55284204
2025;fev;Travaux, fournitures et services extérieurs;89600749.34612513
2025;mar;Travaux, fournitures et services extérieurs;49724721.2037265
2025;avr;Travaux, fournitures et services extérieurs;62569283.90105003
2025;mai;Travaux, fournitures et services extérieurs;29451693.80120919
2025;juin;Travaux, fournitures et services extérieurs;36069814.29438747
2025;juill;Travaux, fournitures et services extérieurs;58406469.85294298
2025;aout;Travaux, fournitures et services extérieurs;68132259.91497098
2025;sep;Travaux, fournitures et services extérieurs;15084313.600011239
2025;oct;Travaux, fournitures et services extérieurs;42976622.152849615
2025;nov;Travaux, fournitures et services extérieurs;79537083.65111084
2025;dec;Travaux, fournitures et services extérieurs;45133866.728774056
